<?xml version="1.0" encoding="UTF-8" standalone="yes"?>
<addon id="plugin.video.igorlistatestes" name="[COLOR dodgerblue][B]IGOR LISTA[/B][/COLOR] TESTES" version="0.10" provider-name="Igor Rangel">
  <requires>
    <import addon="xbmc.python" version="2.1.0"/>
    <import addon="script.module.beautifulsoup" version="3.2.1"/>
    <import addon="script.module.simple.downloader" version="0.9.4"/>
    <import addon="script.module.beautifulsoup4" />
    <import addon="script.module.requests" />
    <import addon="script.module.httplib2" />
    <import addon="script.module.youtube.dl" optional="true"/>
    <import addon="plugin.video.youtube" optional="true" />
    <import addon="script.module.urlresolver" optional="true"/>
    <import addon="script.module.simplejson" />
    <import addon="tvsupertuga.repository" />
    <import addon="script.module.livestreamer" optional="true"/>
  </requires>
  <extension point="xbmc.python.pluginsource" library="default.py">
    <provides>video</provides>
  </extension>
  <extension point="xbmc.addon.metadata">
    <summary>IGOR LISTA</summary>
    <description lang="en">Assista Tv Online, Curta Filmes e Series Online no AddOn Igor Lista</description>
    <platform>all</platform>
  </extension>
</addon>
