﻿<?xml version="1.0" encoding="UTF-8" standalone="yes"?>
<addon id="igorrangelteste.repository" name="IgorListaTeste repository" version="0.0.4" provider-name="igor-rangel7l">
	<extension point="xbmc.addon.repository" name="IgorListaTeste Add-on Repository">
		<info compressed="false">http://raw.github.com/igor-rangel7l/igorrangelteste.repository/master/addons.xml</info>
		<checksum>http://raw.github.com/igor-rangel7l/igorrangelteste.repository/master/addons.xml.md5</checksum>
		<datadir zip="true">http://raw.github.com/igor-rangel7l/igorrangelteste.repository/master/repo/</datadir>
	</extension>
	<extension point="xbmc.addon.metadata">
		<summary>IgorListaTeste Addon</summary>
		<description>Addon Description</description>
		<disclaimer></disclaimer>
		<platform>all</platform>
	</extension>
</addon>